{
  "project_info": {
    "project_number": "216897825605",
    "firebase_url": "https://birds-species-classification-default-rtdb.firebaseio.com",
    "project_id": "birds-species-classification",
    "storage_bucket": "birds-species-classification.appspot.com"
  },
  "client": [
    {
      "client_info": {
        "mobilesdk_app_id": "1:216897825605:android:eb203efa9437e1dad7ec2c",
        "android_client_info": {
          "package_name": "birds.species.birdsspeciesclassification"
        }
      },
      "oauth_client": [],
      "api_key": [
        {
          "current_key": "AIzaSyCI0eVtqqep2-inwyU7uPiV-CsPMX9aSkQ"
        }
      ],
      "services": {
        "appinvite_service": {
          "other_platform_oauth_client": []
        }
      }
    },
    {
      "client_info": {
        "mobilesdk_app_id": "1:216897825605:android:c3281452bb1b62ebd7ec2c",
        "android_client_info": {
          "package_name": "com.example.birdsspeciesclassification"
        }
      },
      "oauth_client": [],
      "api_key": [
        {
          "current_key": "AIzaSyCI0eVtqqep2-inwyU7uPiV-CsPMX9aSkQ"
        }
      ],
      "services": {
        "appinvite_service": {
          "other_platform_oauth_client": []
        }
      }
    }
  ],
  "configuration_version": "1"
}